"","model","mean_acc","sd_acc","iqr_acc","min_acc","max_acc"
"1","Grok-4",0.787464569160998,0.119824360297171,0.189459325396825,0.633333333333333,0.938888888888889
"2","o3-mini",0.769855442176871,0.102424977405722,0.135367063492064,0.605555555555556,0.888888888888889
"3","Claude-Opus-4",0.621641156462585,0.168748225324306,0.272172619047619,0.405555555555556,0.838888888888889
"4","DeepSeek-V3-685B",0.617453231292517,0.194237925731989,0.311483134920635,0.366666666666667,0.872222222222222
"5","Grok-3",0.530222505668934,0.134327529898484,0.146651785714286,0.344444444444444,0.738888888888889
"6","GPT-4o",0.442757936507936,0.153153923080373,0.153125,0.205555555555556,0.683333333333333
"7","GPT-4o-mini",0.383956916099773,0.14003417761629,0.111706349206349,0.172222222222222,0.627777777777778
"8","LLaMA-3.3-70B",0.383099489795918,0.135457502014139,0.211929563492064,0.238888888888889,0.566666666666667
