model,odds_ratio,lower,upper,p.value
(Claude-Opus-4) - (Grok-4),0.15936502200586838,0.10962198378673953,0.2316798999764416,0
(DeepSeek-V3-685B) - (Grok-4),0.15378695789304556,0.10579913917697216,0.2235408397646493,0
(GPT-4o) - (Grok-4),0.03845578704570592,0.026393268426602258,0.0560312399889862,0
(GPT-4o-mini) - (Grok-4),0.025169398790926677,0.017204340206673455,0.03682202443607636,0
(Grok-3) - (Grok-4),0.07476986428173792,0.05146974681111397,0.10861783768289944,0
(LLaMA-3.3-70B) - (Grok-4),0.0248766798580628,0.017001637300975564,0.036399388470958444,0
(o3-mini) - (Grok-4),0.7864721005123932,0.5308755416150663,1.1651287663443974,0.4294528471821696
